"ccn,,""American Express,Amex,Master Card,Visa,CVV Code,CVV Number,CVC Code,CVC Number,Select Card Type,Discover,Diners Club,JCB,Pay with checking account,Pay check money order,Credit Card Number,Card holder Name,Expiration Date""",,,,
"2264 2231 2829 8234,,",,,,
"4744 9891 1362 0055,,",,,,
"2262 3841 7879 8804,,",,,,
"2314 6859 7722 8845,,",,,,
"2222 4000 7000 0005,,",,,,
"5555 3412 4444 1115,,",,,,
"4360 0000 0100 0005,,",,,,
"4929-3813-3266-4295,,",,,,
"5370-4638-8881-3020,,",,,,
"4916-4811-5814-8111,,",,,,
,,,,
,,,,
"SSN USA, date birth, social security number, tax payer",,,,
465-73-5022,,,,
044-34-6954,,,,
477-36-0282,,,,465735022
421-90-3440,,,,477360282
524-02-7657,,,,421903440
587-03-2682,,,,524027657
461-97-5660,,,,587032682
151-32-2558,,,,461975660
172-32-1176,,,,151322558
505-88-5714,,,,172321176
404-12-2154,,,,505885714
451-80-3526,,,,404122154
624-84-9181,,,,451803526
,,,,624849181
322842290,,,,
322842291,,,,
322842292,,,,
322842293,,,,
322842294,,,,
322842295,,,,
322842296,,,,
322842297,,,,
322842298,,,,
322842299,,,,
322842300,,,,
322842301,,,,
404122154,,,,
404122155,,,,
404122156,,,,
404122157,,,,
404122158,,,,
404122159,,,,
404122160,,,,
404122161,,,,
404122162,,,,
404122163,,,,
404122164,,,,
404122165,,,,
404122166,,,,
404122167,,,,
404122168,,,,
404122169,,,,
404122170,,,,
404122171,,,,
404122172,,,,
404122173,,,,
404122174,,,,
421371396,,,,
421371397,,,,
421371398,,,,
421371399,,,,
421371400,,,,
421371401,,,,
421371402,,,,
421371403,,,,
421371404,,,,
421371405,,,,
421371406,,,,
421371407,,,,
421371408,,,,
421371409,,,,
421371410,,,,
421371411,,,,
421371412,,,,
421371413,,,,
421371414,,,,
421371415,,,,
421371416,,,,
421371417,,,,
421903440,,,,
421903441,,,,
421903442,,,,
421903443,,,,
421903444,,,,
421903445,,,,
421903446,,,,
421903447,,,,
421903448,,,,
421903449,,,,
421903450,,,,
421903451,,,,
421903452,,,,
421903453,,,,
421903454,,,,
421903455,,,,
421903456,,,,
421903457,,,,
421903458,,,,
421903459,,,,
421903460,,,,
449483135,,,,
449483136,,,,
449483137,,,,
449483138,,,,
449483139,,,,
449483140,,,,
449483141,,,,
449483142,,,,
449483143,,,,
449483144,,,,
449483145,,,,
449483146,,,,
449483147,,,,
449483148,,,,
449483149,,,,
449483150,,,,
449483151,,,,
449483152,,,,
449483153,,,,
449483154,,,,
449483155,,,,
451803526,,,,
451803527,,,,
451803528,,,,
451803529,,,,
451803530,,,,
451803531,,,,
451803532,,,,
451803533,,,,
451803534,,,,
451803535,,,,
451803536,,,,
451803537,,,,
451803538,,,,
451803539,,,,
451803540,,,,
451803541,,,,
451803542,,,,
451803543,,,,
451803544,,,,
451803545,,,,
451803546,,,,
458026124,,,,
458026125,,,,
458026126,,,,
458026127,,,,
458026128,,,,
458026129,,,,
458026130,,,,
458026131,,,,
458026132,,,,
458026133,,,,
458026134,,,,
458026135,,,,
458026136,,,,
458026137,,,,
458026138,,,,
458026139,,,,
458026140,,,,
458026141,,,,
458026142,,,,
458026143,,,,
458026144,,,,
458026145,,,,
461975660,,,,
461975661,,,,
461975662,,,,
461975663,,,,
461975664,,,,
461975665,,,,
461975666,,,,
461975667,,,,
461975668,,,,
461975669,,,,
461975670,,,,
461975671,,,,
461975672,,,,
461975673,,,,
461975674,,,,
461975675,,,,
461975676,,,,
461975677,,,,
461975678,,,,
461975679,,,,
461975680,,,,
465735022,,,,
465735023,,,,
465735024,,,,
465735025,,,,
465735026,,,,
465735027,,,,
465735028,,,,
465735029,,,,
465735030,,,,
465735031,,,,
465735032,,,,
465735033,,,,
465735034,,,,
465735035,,,,
465735036,,,,
465735037,,,,
465735038,,,,
465735039,,,,
465735040,,,,
465735041,,,,
465735042,,,,
477360282,,,,
477360283,,,,
477360284,,,,
477360285,,,,
477360286,,,,
477360287,,,,
477360288,,,,
477360289,,,,
477360290,,,,
477360291,,,,
477360292,,,,
477360293,,,,
477360294,,,,
477360295,,,,
477360296,,,,
477360297,,,,
477360298,,,,
477360299,,,,
477360300,,,,
477360301,,,,
477360302,,,,
489368350,,,,
489368351,,,,
489368352,,,,
489368353,,,,
489368354,,,,
489368355,,,,
489368356,,,,
489368357,,,,
489368358,,,,
489368359,,,,
489368360,,,,
489368361,,,,
489368362,,,,
489368363,,,,
489368364,,,,
489368365,,,,
489368366,,,,
489368367,,,,
489368368,,,,
489368369,,,,
489368370,,,,
489368371,,,,
505885714,,,,
505885715,,,,
505885716,,,,
505885717,,,,
505885718,,,,
505885719,,,,
505885720,,,,
505885721,,,,
505885722,,,,
505885723,,,,
505885724,,,,
505885725,,,,
505885726,,,,
505885727,,,,
505885728,,,,
505885729,,,,
505885730,,,,
505885731,,,,
505885732,,,,
505885733,,,,
505885734,,,,
514148905,,,,
514148906,,,,
514148907,,,,
514148908,,,,
514148909,,,,
514148910,,,,
514148911,,,,
514148912,,,,
514148913,,,,
514148914,,,,
514148915,,,,
514148916,,,,
514148917,,,,
514148918,,,,
514148919,,,,
514148920,,,,
514148921,,,,
514148922,,,,
514148923,,,,
514148924,,,,
514148925,,,,
514148926,,,,
514302668,,,,
514302669,,,,
514302670,,,,
514302671,,,,
514302672,,,,
514302673,,,,
514302674,,,,
514302675,,,,
514302676,,,,
514302677,,,,
514302678,,,,
514302679,,,,
514302680,,,,
514302681,,,,
514302682,,,,
514302683,,,,
514302684,,,,
514302685,,,,
514302686,,,,
514302687,,,,
514302688,,,,
524027657,,,,
524027658,,,,
524027659,,,,
524027660,,,,
524027661,,,,
524027662,,,,
524027663,,,,
524027664,,,,
524027665,,,,
524027666,,,,
524027667,,,,
524027668,,,,
524027669,,,,
524027670,,,,
524027671,,,,
524027672,,,,
524027673,,,,
524027674,,,,
524027675,,,,
524027676,,,,
524027677,,,,
559811301,,,,
559811302,,,,
559811303,,,,
559811304,,,,
559811305,,,,
559811306,,,,
559811307,,,,
559811308,,,,
559811309,,,,
559811310,,,,
559811311,,,,
559811312,,,,
559811313,,,,
559811314,,,,
559811315,,,,
559811316,,,,
559811317,,,,
559811318,,,,
559811319,,,,
559811320,,,,
559811321,,,,
587032682,,,,
587032683,,,,
587032684,,,,
587032685,,,,
587032686,,,,
587032687,,,,
587032688,,,,
587032689,,,,
587032690,,,,
587032691,,,,
587032692,,,,
587032693,,,,
587032694,,,,
587032695,,,,
587032696,,,,
587032697,,,,
587032698,,,,
587032699,,,,
587032700,,,,
587032701,,,,
587032702,,,,
612206832,,,,
612206833,,,,
612206834,,,,
612206835,,,,
612206836,,,,
612206837,,,,
612206838,,,,
612206839,,,,
612206840,,,,
612206841,,,,
612206842,,,,
612206843,,,,
612206844,,,,
612206845,,,,
612206846,,,,
612206847,,,,
612206848,,,,
612206849,,,,
612206850,,,,
612206851,,,,
612206852,,,,
624849181,,,,
624849182,,,,
624849183,,,,
624849184,,,,
624849185,,,,
624849186,,,,
624849187,,,,
624849188,,,,
624849189,,,,
624849190,,,,
624849191,,,,
624849192,,,,
624849193,,,,
624849194,,,,
624849195,,,,
624849196,,,,
624849197,,,,
624849198,,,,
624849199,,,,
624849200,,,,
624849201,,,,
646449061,,,,
646449062,,,,
646449063,,,,
646449064,,,,
646449065,,,,
646449066,,,,
646449067,,,,
646449068,,,,
646449069,,,,
646449070,,,,
646449071,,,,
646449072,,,,
646449073,,,,
646449074,,,,
646449075,,,,
646449076,,,,
646449077,,,,
646449078,,,,
646449079,,,,
646449080,,,,
646449081,,,,
660038360,,,,
660038361,,,,
660038362,,,,
660038363,,,,
660038364,,,,
660038365,,,,
660038366,,,,
660038367,,,,
660038368,,,,
660038369,,,,
660038370,,,,
660038371,,,,
660038372,,,,
660038373,,,,
660038374,,,,
660038375,,,,
660038376,,,,
660038377,,,,
660038378,,,,
660038379,,,,
660038380,,,,
687058365,,,,
687058366,,,,
687058367,,,,
687058368,,,,
687058369,,,,
687058370,,,,
687058371,,,,
687058372,,,,
687058373,,,,
687058374,,,,
687058375,,,,
687058376,,,,
687058377,,,,
687058378,,,,
687058379,,,,
687058380,,,,
687058381,,,,
687058382,,,,
687058383,,,,
687058384,,,,
687058385,,,,
690055315,,,,
690055316,,,,
690055317,,,,
690055318,,,,
690055319,,,,
690055320,,,,
690055321,,,,
690055322,,,,
690055323,,,,
690055324,,,,
690055325,,,,
690055326,,,,
690055327,,,,
690055328,,,,
690055329,,,,
690055330,,,,
690055331,,,,
690055332,,,,
690055333,,,,
690055334,,,,
690055335,,,,
690055336,,,,
751012327,,,,
751012328,,,,
751012329,,,,
751012330,,,,
751012331,,,,
751012332,,,,
751012333,,,,
751012334,,,,
751012335,,,,
751012336,,,,
751012337,,,,
751012338,,,,
751012339,,,,
751012340,,,,
751012341,,,,
751012342,,,,
751012343,,,,
751012344,,,,
751012345,,,,
751012346,,,,
751012347,,,,